{
  "users": [
    {
      "id": 1,
      "firstName": "rajesh",
      "lastName": "H",
      "email": "rajesh@gmail.com",
      "password": "123456"
    },
    {
      "firstName": "harry11111",
      "lastName": "g",
      "email": "suresh@gmail.com",
      "password": "12345",
      "id": 3
    },
    {
      "firstName": "salman2222",
      "lastName": "salman2222",
      "email": "salman@gmail.com",
      "password": "12345",
      "id": 4
    },
    {
      "firstName": "salman2222",
      "lastName": "salman2222",
      "email": "salman@gmail.com",
      "password": "12345",
      "id": 5
    },
    {
      "firstName": "asdfasdfasdf",
      "lastName": "asdfadf",
      "email": "adsfaf@gmail.com",
      "password": "12345",
      "id": 6
    }
  ],
  "expense": [
    {
      "expenseName": "home purchase old",
      "amount": 70000,
      "paidBy": "Salman",
      "date": "29/03/2022",
      "id": 3
    },
    {
      "expenseName": "laptop ",
      "amount": "60000",
      "paidBy": "mohan",
      "date": "2022-04-07T04:50:10.813Z",
      "id": 4
    },
    {
      "expenseName": "home purchase",
      "amount": 70000,
      "paidBy": "Salman",
      "date": "29/03/2022",
      "id": 5
    },
    {
      "expenseName": "Airpod",
      "amount": "2000",
      "paidBy": "Muthu",
      "date": "2022-06-10",
      "id": 6
    },
    {
      "expenseName": "Laptop",
      "amount": "2000",
      "paidBy": "Muthu",
      "date": "2022-06-04",
      "id": 7
    }
  ],
  "library": [
    {
      "BookId": "50",
      "BookTitle": "TestTitle1",
      "BookDesc": "TestDesc1",
      "AuthorName": "TestName1",
      "NumberofBooks": "200",
      "id": 2
    },
    {
      "BookId": "100",
      "BookTitle": "TestTitle4",
      "BookDesc": "TestDesc4",
      "AuthorName": "TestName4",
      "NumberofBooks": "14",
      "id": 5
    },
    {
      "BookId": "456",
      "BookTitle": "TestTitle3",
      "BookDesc": "TestDesc",
      "AuthorName": "TestName2",
      "NumberofBooks": "13",
      "id": 6
    }
  ],
  "smartcity": [
    {
      "PlaceName": "TestName1",
      "ShortDesc": "TestDesc1",
      "City": "TestCity1",
      "SpecialityOfPlace": "TestPlace1",
      "EntryFee": "250",
      "Rating": "5",
      "id": 1
    },
    {
      "PlaceName": "TestName2",
      "ShortDesc": "TestDesc2",
      "City": "TestCity2",
      "SpecialityOfPlace": "TestPlace2",
      "EntryFee": "400",
      "Rating": "1",
      "id": 2
    },
    {
      "PlaceName": "TestName3",
      "ShortDesc": "TestDesc3",
      "City": "TestCity3",
      "SpecialityOfPlace": "TestPlace3",
      "EntryFee": "350",
      "Rating": "4",
      "id": 2
    },
    {
      "PlaceName": "TestName4",
      "ShortDesc": "TestDesc4",
      "City": "TestCity4",
      "SpecialityOfPlace": "TestPlace4",
      "EntryFee": "200",
      "Rating": "3",
      "id": 3
    },
    {
      "PlaceName": "TestName5",
      "ShortDesc": "TestDesc5",
      "City": "TestCity5",
      "SpecialityOfPlace": "TestPlace5",
      "EntryFee": "100",
      "Rating": "4",
      "id": 4
    },
    {
      "PlaceName": "TestName6",
      "ShortDesc": "TestDesc6",
      "City": "TestCity6",
      "SpecialityOfPlace": "TestPlace6",
      "EntryFee": "450",
      "Rating": "2",
      "id": 5
    },
    {
      "PlaceName": "TestName7",
      "ShortDesc": "TestDesc7",
      "City": "TestCity7",
      "SpecialityOfPlace": "TestPlace7",
      "EntryFee": "450",
      "Rating": "3",
      "id": 6
    }
  ],
  "weather": [
    {
      "City": "Chennai",
      "Country": "India",
      "Temperature": "308.15",
      "Humidity": "59",
      "id": 1
    },
    {
      "City": "Madurai",
      "Country": "India",
      "Temperature": "307.14",
      "Humidity": "60",
      "id": 2
    },
    {
      "City": "Erode",
      "Country": "India",
      "Temperature": "306.14",
      "Humidity": "40",
      "id": 3
    },
    {
      "City": "Vellore",
      "Country": "India",
      "Temperature": "305.00",
      "Humidity": "40",
      "id": 4
    }
  ]
}