{
  "expense": [
    {
      "expense": "400",
      "type": "ADD",
      "date": "2022-08-31T03:56:46.068Z",
      "id": 1
    },
    {
      "expense": "900",
      "type": "ADD",
      "date": "2022-08-31T03:56:57.093Z",
      "id": 2
    },
    {
      "expense": "100",
      "type": "REMOVE",
      "date": "2022-08-31T03:57:01.520Z",
      "id": 3
    },
    {
      "expense": "300",
      "type": "REMOVE",
      "date": "2022-08-31T03:57:05.185Z",
      "id": 4
    },
    {
      "expense": "100",
      "type": "ADD",
      "date": "2022-08-31T04:03:34.178Z",
      "id": 5
    },
    {
      "expense": "200",
      "type": "ADD",
      "date": "2022-08-31T04:03:43.478Z",
      "id": 6
    }
  ]
}