{
  "users": [
    {
      "id": 1,
      "firstName": "mallika",
      "lastName": "G",
      "email": "mallika@gmail.com",
      "password": "Test@123",
      "isAdmin": "true"
    },
    {
      "id": 2,
      "firstName": "Gaya",
      "lastName": "k",
      "email": "gaya@gmail.com",
      "password": "Test@123",
      "isAdmin": "false"
    }
  ],
  "students": [
    {
      "id": 1,
      "studentFirstName": "Mallika",
      "collegeName": "TKCFW",
      "course": "M.Sc",
      "city": "Tiruppur",
      "schoolName": "Jaivabai",
      "grades": "A"
    },
    {
      "id": 2,
      "studentFirstName": "Sudha",
      "collegeName": "TKCFW",
      "course": "M.Sc",
      "city": "Tiruppur",
      "schoolName": "Jaivabai",
      "grades": "A"
    }
  ]
}