{
  "users": [
    {
      "id": 1,
      "firstName": "rajesh",
      "lastName": "H",
      "email": "rajesh@gmail.com",
      "password": "123456"
    },
    {
      "firstName": "harry11111",
      "lastName": "g",
      "email": "harry@gmail.com",
      "password": "12345",
      "id": 2
    },
    {
      "firstName": "harry11111",
      "lastName": "g",
      "email": "suresh@gmail.com",
      "password": "12345",
      "id": 3
    },
    {
      "firstName": "salman2222",
      "lastName": "salman2222",
      "email": "salman@gmail.com",
      "password": "12345",
      "id": 4
    },
    {
      "firstName": "salman2222",
      "lastName": "salman2222",
      "email": "salman@gmail.com",
      "password": "12345",
      "id": 5
    },
    {
      "firstName": "asdfasdfasdf",
      "lastName": "asdfadf",
      "email": "adsfaf@gmail.com",
      "password": "12345",
      "id": 6
    }
  ],
  "expense": [
    {
      "expenseName": "home purchase new",
      "amount": 70000,
      "paidBy": "Salman",
      "date": "29/03/2022",
      "id": 3
    },
    {
      "expenseName": "home purchase",
      "amount": 70000,
      "paidBy": "Salman",
      "date": "29/03/2022",
      "id": 5
    },
    {
      "expenseName": "rrr",
      "amount": 70000,
      "paidBy": "Salman",
      "date": "29/03/2022",
      "id": 6
    }
  ],
  "library": [
    {
      "bookTitle": "Web programming",
      "bookDesc": "Programming language",
      "bookAuthor": "Steve",
      "noBooks": "4",
      "id": 9
    },
    {
      "bookTitle": "React",
      "bookDesc": "Mobile application",
      "bookAuthor": "Park",
      "noBooks": "4",
      "id": 10
    },
    {
      "bookTitle": "Javascript",
      "bookDesc": "Programming language",
      "bookAuthor": "Henry",
      "noBooks": "8",
      "id": 11
    },
    {
      "bookTitle": "Java",
      "bookDesc": "Programming language",
      "bookAuthor": "Charles",
      "noBooks": "5",
      "id": 14
    }
  ]
}