{
  "logistics": [
    {
      "OrderNo": "436346346",
      "Placedon": "Oct 10 2021",
      "CourierName": "DTDC",
      "Status": "Delivered",
      "id": 1
    },
    {
      "OrderNo": "463463464",
      "Placedon": "Sep 19 2021",
      "CourierName": "Delhivery",
      "Status": "Shipped",
      "id": 2
    },
    {
      "OrderNo": "486575475",
      "Placedon": "Oct 5 2021",
      "CourierName": "Professional",
      "Status": "Shipped",
      "id": 3
    },
    {
      "OrderNo": "12345",
      "Placedon": "Oct 12 2021",
      "CourierName": "Fast Couriers",
      "Status": "Delivered",
      "id": 13
    },
    {
      "OrderNo": "43675890",
      "Placedon": "Oct 12 2021",
      "CourierName": "PT Couriers",
      "Status": "Order Placed",
      "id": 15
    },
    {
      "OrderNo": "436758901",
      "Placedon": "Sep 16 2021",
      "CourierName": "PT Couriers",
      "Status": "Order Placed",
      "id": 16
    },
    {
      "OrderNo": "436758905",
      "Placedon": "Apr 15 2022",
      "CourierName": "PT Couriers",
      "Status": "Shipped",
      "id": 17
    },
    {
      "OrderNo": "436758907",
      "Placedon": "Apr 23 2022",
      "CourierName": "ST Courier Services",
      "Status": "Order Placed",
      "id": 18
    },
    {
      "OrderNo": "436758909",
      "Placedon": "Jun 25 2022",
      "CourierName": "SN Couriers",
      "Status": "Returned",
      "id": 19
    },
    {
      "OrderNo": "436758907",
      "Placedon": "Apr 23 2022",
      "CourierName": "PT Couriers",
      "Status": "Delivered",
      "id": 20
    }
  ]

}