{
  "users": [
    {
      "id": 1,
      "firstName": "rajesh",
      "lastName": "H",
      "email": "rajesh@gmail.com",
      "password": "123456"
    },
    {
      "firstName": "harry11111",
      "lastName": "g",
      "email": "harry@gmail.com",
      "password": "12345",
      "id": 2
    },
    {
      "firstName": "harry11111",
      "lastName": "g",
      "email": "suresh@gmail.com",
      "password": "12345",
      "id": 3
    },
    {
      "firstName": "salman2222",
      "lastName": "salman2222",
      "email": "salman@gmail.com",
      "password": "12345",
      "id": 4
    },
    {
      "firstName": "salman2222",
      "lastName": "salman2222",
      "email": "salman@gmail.com",
      "password": "12345",
      "id": 5
    },
    {
      "firstName": "asdfasdfasdf",
      "lastName": "asdfadf",
      "email": "adsfaf@gmail.com",
      "password": "12345",
      "id": 6
    },
    {
      "firstName": "rajesh",
      "lastName": "H",
      "email": "rajesh@gmail.com",
      "password": "123456",
      "id": 7
    }
  ],
  "expense": [
    {
      "expenseName": "home purchase new",
      "amount": 70000,
      "paidBy": "Salman",
      "date": "29/03/2022",
      "id": 3
    },
    {
      "expenseName": "laptop ",
      "amount": "60000",
      "paidBy": "mohan",
      "date": "2022-04-07T04:50:10.813Z",
      "id": 4
    },
    {
      "expenseName": "home purchase",
      "amount": 70000,
      "paidBy": "Salman",
      "date": "29/03/2022",
      "id": 5
    },
    {
      "expenseName": "rrr",
      "amount": 70000,
      "paidBy": "Salman",
      "date": "29/03/2022",
      "id": 6
    }
  ],
  "library": [
    {
      "title": "Book3",
      "desc": "Description",
      "auth": "Author",
      "avail": "15",
      "id": 6
    },
    {
      "title": "Book7",
      "desc": "Desc",
      "auth": "Auth",
      "avail": "7",
      "id": 8
    }
  ],
  "hospital": []
}