{
  "users": [
    {
      "id": 1,
      "firstName": "rajesh",
      "lastName": "H",
      "email": "rajesh@gmail.com",
      "password": "123456"
    },
    {
      "firstName": "harry11111",
      "lastName": "g",
      "email": "harry@gmail.com",
      "password": "12345",
      "id": 2
    },
    {
      "firstName": "harry11111",
      "lastName": "g",
      "email": "suresh@gmail.com",
      "password": "12345",
      "id": 3
    },
    {
      "firstName": "salman2222",
      "lastName": "salman2222",
      "email": "salman@gmail.com",
      "password": "12345",
      "id": 4
    },
    {
      "firstName": "salman2222",
      "lastName": "salman2222",
      "email": "salman@gmail.com",
      "password": "12345",
      "id": 5
    },
    {
      "firstName": "asdfasdfasdf",
      "lastName": "asdfadf",
      "email": "adsfaf@gmail.com",
      "password": "12345",
      "id": 6
    }
  ],
  "expense": [
    {
      "expenseName": "home purchase new",
      "amount": 70000,
      "paidBy": "Salman",
      "date": "29/03/2022",
      "id": 3
    },
    {
      "expenseName": "laptop ",
      "amount": "60000",
      "paidBy": "mohan",
      "date": "2022-04-07T04:50:10.813Z",
      "id": 4
    },
    {
      "expenseName": "home purchase",
      "amount": 70000,
      "paidBy": "Salman",
      "date": "29/03/2022",
      "id": 5
    },
    {
      "expenseName": "rrr",
      "amount": 70000,
      "paidBy": "Salman",
      "date": "29/03/2022",
      "id": 6
    },
    {
      "title": "home purchase",
      "notes": "from hdfc bank",
      "category": 2,
      "amount": 70000,
      "paidBy": "Salman",
      "date": "29/03/2022",
      "id": 7
    },
    {
      "title": "home purchase",
      "notes": "from hdfc bank",
      "category": 2,
      "amount": 70000,
      "paidBy": "Salman",
      "date": "29/03/2022",
      "id": 8
    }
  ],
  "library": [
    {
      "bookId": "12",
      "bookTitle": "networks",
      "bookDesc": "networks and signals",
      "authorName": "david Thomas",
      "noBooks": "5",
      "id": 7
    },
    {
      "bookId": "130",
      "bookTitle": "oops",
      "bookDesc": "java programs",
      "authorName": "thomas",
      "noBooks": "25",
      "id": 9
    },
    {
      "bookId": "123",
      "bookTitle": "python",
      "bookDesc": "asdfasdf",
      "authorName": "asdfsd",
      "noBooks": "50",
      "id": 15
    },
    {
      "bookId": "123",
      "bookTitle": "python",
      "bookDesc": "asdfasdf",
      "authorName": "asdfsd",
      "noBooks": "50",
      "id": 16
    }
  ],
  "Brownie": [
    {
      "id": 1,
      "image": "/brownie2.jpg",
      "imageName": "Chocolate Brownie",
      "Desc": "Chocolate Brownie",
      "Price": "5.0"
    },
    {
      "id": 2,
      "image": "/brownie1.jpg",
      "imageName": "Chocolate Brownie",
      "Desc": "Chocolate Brownie",
      "Price": "5.0"
    },
    {
      "image": "/brownie1.jpg",
      "imageName": "brownie",
      "Desc": "sdfsdfdgfg",
      "Price": "34",
      "id": 4
    },
    {
      "image": "C:\\fakepath\\brownie2.jpg",
      "imageName": "browniezc",
      "Desc": "sdfsdfdgfg",
      "Price": "34",
      "id": 5
    }
  ]
}