{
  "users": [
    {
      "id": 1,
      "firstName": "Swathi",
      "lastName": "Premu",
      "email": "swathi@gmail.com",
      "password": "Swathi_P312"
    },
    {
      "firstName": "Radha",
      "lastName": "Balu",
      "email": "radha@gmail.com",
      "password": "Radha_P312",
      "id": 2
    },
    {
      "firstName": "anoop",
      "lastName": "shah",
      "email": "anoop@gmail.com",
      "password": "Anoop_P312",
      "id": 3
    },
    {
      "firstName": "Nivedh",
      "lastName": "Raju",
      "email": "nivedh@gmail.com",
      "password": "Nivedh_P312",
      "id": 4
    }
  ],
  "expense": [
    {
      "expenseTitle": "shopping",
      "expenseNotes": "simply shopping",
      "expenseCategory": "Others",
      "expenseAmount": "3000",
      "expensePaidBy": "Cash",
      "expenseDate": "2022-06-17",
      "id": 5
    },
    {
      "expenseTitle": "plants",
      "expenseNotes": "garden",
      "expenseCategory": "Others",
      "expenseAmount": "1000",
      "expensePaidBy": "AccountTransfer",
      "expenseDate": "2022-06-22",
      "id": 6
    },
    {
      "expenseTitle": "for deleting",
      "expenseNotes": "zcxzcz",
      "expenseCategory": "Snacks",
      "expenseAmount": "1000",
      "expensePaidBy": "Cash",
      "expenseDate": "2022-06-14",
      "id": 7
    },
    {
      "expenseTitle": "dress",
      "expenseNotes": "dress",
      "expenseCategory": "Others",
      "expenseAmount": "233",
      "expensePaidBy": "Card",
      "expenseDate": "2022-06-17",
      "id": 8
    },
    {
      "expenseTitle": "medicine",
      "expenseNotes": "simlpy",
      "expenseCategory": "Groceries",
      "expenseAmount": "244",
      "expensePaidBy": "Cash",
      "expenseDate": "2022-06-24",
      "id": 9
    }
  ]
}